{
    "Евив": 496043.24772277934,
    "Ъкийоиа": 299109.0,
    "Йбуч": 367842.4179241183,
    "Бтали": 30294.0,
    "Рцягэи": 60514.89457241433,
    "Вуэця": 95052.01832623695,
    "Рхошу": 356779.3956792102,
    "Ндяхоши": 30447.0,
    "Йдэшо": 496043.24772277934,
    "Юхэъяпа": 299109.0
}